,Y染色体浓度,孕周,孕妇BMI,年龄
Y染色体浓度,1.0,0.1346120180993846,-0.14277143703447207,-0.10195455073869875
孕周,0.1346120180993846,1.0,0.14247457145710724,-0.0037780160838777896
孕妇BMI,-0.14277143703447207,0.14247457145710724,1.0,0.0024809918958596093
年龄,-0.10195455073869875,-0.0037780160838777896,0.0024809918958596093,1.0
