变量,系数,标准误,z值,p值,CI_lower,CI_upper
Intercept,-1.134590e-01,4.577295e-02,-2.478735e+00,1.318493e-02,-2.031723e-01,-2.374567e-02
GW,3.294768e-02,7.915992e-03,4.162167e+00,3.152423e-05,1.743262e-02,4.846274e-02
I(GW ** 2),-1.898728e-03,4.470326e-04,-4.247404e+00,2.162614e-05,-2.774896e-03,-1.022560e-03
I(GW ** 3),3.890720e-05,8.153508e-06,4.771835e+00,1.825550e-06,2.292661e-05,5.488778e-05
I(BMI ** 3),-3.378027e-07,1.876206e-07,-1.800456e+00,7.178867e-02,-7.055324e-07,2.992699e-08
