群组名称,BMI范围,孕妇数量,平均BMI,平均年龄,最佳时点_天,最佳时点_周,最小风险
群组7,"[41.52, 46.88]",10,44.343701177,30.0,115,16.428571428571427,4.904493889590531
群组3,"[29.93, 31.84]",300,30.83436199041856,28.856666666666666,93,13.285714285714286,4.020920765317517
群组5,"[34.01, 36.70]",163,35.10079343899152,29.2760736196319,110,15.714285714285714,4.23382770452112
群组2,"[26.62, 29.90]",197,29.0050345231067,28.80710659898477,90,12.857142857142858,3.7232867225078627
群组4,"[31.88, 33.98]",260,32.88320441884776,28.78076923076923,86,12.285714285714286,3.9980548823609796
群组6,"[36.79, 41.13]",64,38.321496709430576,28.5,157,22.428571428571427,5.242805715229382
群组1,"[20.70, 20.70]",4,20.703125,31.0,70,10.0,0.8656981574570943
