分组序号,BMI范围,样本数,最佳NIPT时点(天),最佳NIPT时点(周),最小平均风险
分组 1,26.62 - 32.14,156,84,12周+0天,0.08632624175495056
分组 2,32.24 - 39.30,102,84,12周+0天,0.09646845421366584
