K,群组ID,孕妇数量,BMI范围,平均BMI,最佳时点_天,最小风险,群组名称,最佳时点_周
6,0,202,"[26.62, 29.97]",29.028437936687425,134,4.697503572464377,群组2,19.142857142857142
6,1,150,"[34.47, 37.83]",35.795646185967875,141,5.717568494785632,群组5,20.142857142857142
6,2,287,"[32.02, 34.45]",33.141028191847084,127,4.872611857130527,群组4,18.142857142857142
6,3,43,"[38.22, 46.88]",40.53519499566411,149,5.622386293785935,群组6,21.285714285714285
6,4,4,"[20.70, 20.70]",20.703125,70,0.07973473635113128,群组1,10.0
6,5,312,"[29.97, 32.02]",30.909601960985476,148,5.046810551230376,群组3,21.142857142857142
