K,群组ID,孕妇数量,BMI范围,平均BMI,最佳时点_天,最小风险,群组名称,最佳时点_周
7,0,10,"[41.52, 46.88]",44.343701177,126,5.415125614400836,群组7,18.0
7,1,300,"[29.93, 31.84]",30.83436199041856,129,5.325856725872131,群组3,18.428571428571427
7,2,163,"[34.01, 36.70]",35.10079343899152,147,5.050108492974634,群组5,21.0
7,3,197,"[26.62, 29.90]",29.0050345231067,129,5.085802733577908,群组2,18.428571428571427
7,4,260,"[31.88, 33.98]",32.88320441884776,130,5.247643851203227,群组4,18.571428571428573
7,5,64,"[36.79, 41.13]",38.321496709430576,175,6.720881884650057,群组6,25.0
7,6,4,"[20.70, 20.70]",20.703125,80,1.5170189505250313,群组1,11.428571428571429
